{"Route 1" : 
  [
    [39.7111543617113,-75.12760716460377],
    [39.7112133,-75.1275746],
    [39.7112133,-75.1275746],
    [39.7115443,-75.1274136],
    [39.7116075,-75.12737469999999],
    [39.7116451,-75.1273482],
    [39.71169709999999,-75.1273032],
    [39.71169709999999,-75.1273032],
    [39.7117504,-75.1272534],
    [39.7118453,-75.1271379],
    [39.711884100000006,-75.12707569999999],
    [39.71196389999999,-75.1269234],
    [39.7120387,-75.1267702],
    [39.7124385,-75.12592],
    [39.712607299999995,-75.12557199999999],
    [39.712925000000006,-75.12496589999999],
    [39.712925000000006,-75.12496589999999],
    [39.71296749999999,-75.1248939],
    [39.71296749999999,-75.1248939],
    [39.71305448258233,-75.12474640993243],
    [39.715836142344976, -75.1206815416929],
    [39.70921431485006,-75.11240626973989],
    [39.709191700000005,-75.11238],
    [39.709026599999994,-75.1122184],
    [39.7084243,-75.11174],
    [39.7081467,-75.1115231],
    [39.708002799999996,-75.11142099999999],
    [39.708002799999996,-75.11142099999999],
    [39.7079215,-75.111369],
    [39.7079215,-75.111369],
    [39.7078499,-75.1113166],
    [39.7077816,-75.1112575],
    [39.7075599,-75.11105839999999],
    [39.7075599,-75.11105839999999],
    [39.7071003,-75.1110672],
    [39.7071003,-75.1110672],
    [39.7066797,-75.1110807],
    [39.7066797,-75.1110807],
    [39.7065862,-75.1110734],
    [39.7065862,-75.1110734]
  ],
"Route 2" : 
  [
    [41.14319263538815,-73.23630279020308],
    [41.14298166550595,-73.2421787076856],
    [41.142981427097915,-73.24218062686944],
    [41.1457896142286,-73.24708478747003],
    [41.13368321771114,-73.2615459352425],
    [41.1336386,-73.2615057],
    [41.1336386,-73.2615057],
    [41.133597200000004,-73.2615848],
    [41.133575,-73.26163840000001],
    [41.133575,-73.26163840000001],
    [41.1335518,-73.26172160000002],
    [41.1335376,-73.2617819],
    [41.1335295,-73.26182349999999],
    [41.1335225,-73.26188119999999],
    [41.1335124,-73.2620032],
    [41.133511399999996,-73.2621279],
    [41.1335204,-73.2622191],
    [41.1335336,-73.262305],
    [41.1335508,-73.2623948],
    [41.1336083,-73.2626349],
    [41.1337083,-73.2630493],
    [41.13374770000001,-73.2632406],
    [41.13374770000001,-73.2632406],
    [41.133757599999996,-73.263352],
    [41.1337595,-73.263531],
    [41.133744500000006,-73.2637096],
    [41.13367239999999,-73.2643894],
    [41.13363450000001,-73.26476],
    [41.133570600000006,-73.2653503],
    [41.1335456,-73.265599],
    [41.13350295566896,-73.26598747355919],
    [41.1329111787565,-73.27292867213168],
    [41.137881270547474,-73.27322722187074],
    [41.137850799999995,-73.27332299999999],
    [41.1377932,-73.2734029],
    [41.1377297,-73.2734668],
    [41.13765409999999,-73.2735934],
    [41.1376067,-73.27374950000001],
    [41.1375755,-73.273907],
    [41.137561399999996,-73.2740685],
    [41.137556599999996,-73.2742766],
    [41.137557799999996,-73.2744888],
    [41.137557799999996,-73.2744888],
    [41.1375715,-73.2747765],
    [41.1375715,-73.2747765],
    [41.1375858,-73.2750205],
    [41.137609399999995,-73.2752603],
    [41.137609399999995,-73.2752603],
    [41.1376486,-73.2754947],
    [41.1376789,-73.2756235],
    [41.137712199999996,-73.27574150000001],
    [41.137712199999996,-73.27574150000001],
    [41.13769840155654,-73.27575878686298],
    [41.13482543960876,-73.28047158230785],
    [41.13207233312074,-73.2846673291429],
    [41.1320487,-73.28469869999999],
    [41.13199519999999,-73.28474969999999],
    [41.13199519999999,-73.28474969999999],
    [41.1318992,-73.28481409999999],
    [41.131675,-73.2849267],
    [41.131675,-73.2849267],
    [41.13160829999999,-73.284924],
    [41.1314275,-73.28490260000001],
    [41.131264900000005,-73.2849106],
    [41.1308486,-73.2850077],
    [41.1308486,-73.2850077],
    [41.13161547294332,-73.28972783084022],
    [41.125879268773794,-73.29677548876003],
    [41.125716399999995,-73.2971364],
    [41.12519220000001,-73.2982691],
    [41.1248887,-73.29891649999999],
    [41.1248887,-73.29891649999999],
    [41.124836800000004,-73.2990255],
    [41.124805800000004,-73.29908429999999],
    [41.1247750700156,-73.29913794726802],
    [41.127639610952826,-73.30569427932248],
    [41.1286582,-73.30692599999999],
    [41.1286582,-73.30692599999999],
    [41.1285597,-73.3071636],
    [41.1284536,-73.307405],
    [41.1283466,-73.30764099999999],
    [41.1282324,-73.30787839999999],
    [41.12799599999999,-73.30834779999999],
    [41.1277586,-73.3088078],
    [41.1277586,-73.3088078],
    [41.1276879,-73.3089419],
    [41.127608099999996,-73.3090706],
    [41.1275233,-73.30919399999999],
    [41.12749893164758,-73.30922708509046],
    [41.12424686617375,-73.31419638487054],
    [41.1241621,-73.3145325],
    [41.1240431,-73.31497019999999],
    [41.12390899999999,-73.3153663],
    [41.123599,-73.3162345],
    [41.123599,-73.3162345],
    [41.1233259,-73.3160844],
    [41.120033962266255,-73.3166110175612],
    [41.11715529906334,-73.31352301021549],
    [41.11704969999999,-73.3128821],
    [41.1169563,-73.3122956],
    [41.116797,-73.3113466],
    [41.116787,-73.31127479999999],
    [41.1167776,-73.3111773],
    [41.1167751,-73.3111194],
    [41.116776099999996,-73.3110051],
    [41.1167778,-73.31096],
    [41.1167839,-73.3109111],
    [41.1167914,-73.3108689],
    [41.116801800000005,-73.31082669999999],
    [41.1168161,-73.3107788],
    [41.116864899999996,-73.3106507],
    [41.1169221,-73.310518],
    [41.1169874,-73.31037479999999],
    [41.1171998,-73.30994729999999],
    [41.1173206,-73.3097152],
    [41.1173676,-73.3096279],
    [41.1174602,-73.3094654],
    [41.1175095,-73.309382],
    [41.1175626,-73.30929640000001],
    [41.1176659,-73.30914179999999],
    [41.11795060000001,-73.3087436],
    [41.1184395,-73.30806919999999],
    [41.118696299999996,-73.3077177],
    [41.118710744447924,-73.30769691141928],
    [41.1222898,-73.3008753],
    [41.1222898,-73.3008753],
    [41.122326099999995,-73.30077039999999],
    [41.1223421,-73.3007293],
    [41.12236019999999,-73.3006887],
    [41.1224126,-73.3005915],
    [41.1224391,-73.3005493],
    [41.1224676,-73.3005108],
    [41.122555600000005,-73.3003997],
    [41.122641099999996,-73.3002977],
    [41.1231125,-73.2997092],
    [41.123338800000006,-73.2994117],
    [41.1233986,-73.2993355],
    [41.1234353,-73.2992918],
    [41.12347930000001,-73.2992445],
    [41.1235096,-73.29921449999999],
    [41.1235651,-73.2991685],
    [41.1235887,-73.29915199999999],
    [41.1236289,-73.2991294],
    [41.1236812,-73.2991079],
    [41.1237108,-73.2990998],
    [41.12374679999999,-73.299094],
    [41.12378599999999,-73.2990918],
    [41.1238482,-73.2990954],
    [41.1239128,-73.2991054],
    [41.124123399999995,-73.2991512],
    [41.12424,-73.2991787],
    [41.12442790000001,-73.2992186],
    [41.1244815,-73.2992278],
    [41.12455800000001,-73.299235],
    [41.1246201,-73.29923169999999],
    [41.1246496,-73.2992256],
    [41.124673,-73.29921790000002],
    [41.12471,-73.2991977],
    [41.12474329999999,-73.2991717],
    [41.124770399999996,-73.2991461]
  ]
}
