{"Route 1" : 
  [
    [39.7111543617113,-75.12760716460377],
    [39.7112133,-75.1275746],
    [39.7112133,-75.1275746],
    [39.7115443,-75.1274136],
    [39.7116075,-75.12737469999999],
    [39.7116451,-75.1273482],
    [39.71169709999999,-75.1273032],
    [39.71169709999999,-75.1273032],
    [39.7117504,-75.1272534],
    [39.7118453,-75.1271379],
    [39.711884100000006,-75.12707569999999],
    [39.71196389999999,-75.1269234],
    [39.7120387,-75.1267702],
    [39.7124385,-75.12592],
    [39.712607299999995,-75.12557199999999],
    [39.712925000000006,-75.12496589999999],
    [39.712925000000006,-75.12496589999999],
    [39.71296749999999,-75.1248939],
    [39.71296749999999,-75.1248939],
    [39.71305448258233,-75.12474640993243],
    [39.715836142344976, -75.1206815416929],
    [39.70921431485006,-75.11240626973989],
    [39.709191700000005,-75.11238],
    [39.709026599999994,-75.1122184],
    [39.7084243,-75.11174],
    [39.7081467,-75.1115231],
    [39.708002799999996,-75.11142099999999],
    [39.708002799999996,-75.11142099999999],
    [39.7079215,-75.111369],
    [39.7079215,-75.111369],
    [39.7078499,-75.1113166],
    [39.7077816,-75.1112575],
    [39.7075599,-75.11105839999999],
    [39.7075599,-75.11105839999999],
    [39.7071003,-75.1110672],
    [39.7071003,-75.1110672],
    [39.7066797,-75.1110807],
    [39.7066797,-75.1110807],
    [39.7065862,-75.1110734],
    [39.7065862,-75.1110734]
  ],
"Route 2" : 
  [
    [41.14319263538815,-73.23630279020308],
    [41.1434721,-73.23684539999999],
    [41.143713500000004,-73.23734569999999],
    [41.14385889999999,-73.2376876],
    [41.14385889999999,-73.2376876],
    [41.143918500000005,-73.23786059999999],
    [41.1439539,-73.2379934],
    [41.143969999999996,-73.2380819],
    [41.1439791,-73.2381624],
    [41.14398620000001,-73.2382791],
    [41.1439791,-73.2383904],
    [41.14395303558137,-73.23854429579684],
    [41.1457896142286,-73.24708478747003],
    [41.13290378824721,-73.27292798532514],
    [41.13788290000001,-73.2732221],
    [41.13788290000001,-73.2732221],
    [41.137850799999995,-73.27332299999999],
    [41.1377932,-73.2734029],
    [41.1377297,-73.2734668],
    [41.13765409999999,-73.2735934],
    [41.1376067,-73.27374950000001],
    [41.1375755,-73.273907],
    [41.137561399999996,-73.2740685],
    [41.137556599999996,-73.2742766],
    [41.137557799999996,-73.2744888],
    [41.137557799999996,-73.2744888],
    [41.1375715,-73.2747765],
    [41.1375715,-73.2747765],
    [41.1375858,-73.2750205],
    [41.137609399999995,-73.2752603],
    [41.137609399999995,-73.2752603],
    [41.1376486,-73.2754947],
    [41.1376789,-73.2756235],
    [41.13770562383416,-73.27571819702669],
    [41.1308486,-73.2850077],
    [41.13161513446101,-73.2897256165273],
    [41.12476021221856,-73.2991557238852],
    [41.11911212435883,-73.31706033191365],
    [41.12357523886828,-73.31622144045922],
    [41.12862747683677,-73.30688884746863],
    [41.12478920755757,-73.29911326648279]
  ]
}
